<?xml version="1.0" encoding="utf-8" ?><dwsync><file name="flash.gif" server="ftp.erdigitaldesign.com/public_html/gourmetbasket/test/" local="3429657385" remote="319502315636155404" Dst="-1" /><file name="colorpicker.jpg" server="ftp.erdigitaldesign.com/public_html/gourmetbasket/test/" local="3429657385" remote="319502315636155404" Dst="-1" /><file name="icons.gif" server="ftp.erdigitaldesign.com/public_html/gourmetbasket/test/" local="3429657385" remote="319502315636155404" Dst="-1" /><file name="iframe.gif" server="ftp.erdigitaldesign.com/public_html/gourmetbasket/test/" local="3429657385" remote="319502315636155404" Dst="-1" /><file name="pagebreak.gif" server="ftp.erdigitaldesign.com/public_html/gourmetbasket/test/" local="3429657385" remote="319502315636155404" Dst="-1" /><file name="quicktime.gif" server="ftp.erdigitaldesign.com/public_html/gourmetbasket/test/" local="3429657385" remote="319502315636155404" Dst="-1" /><file name="trans.gif" server="ftp.erdigitaldesign.com/public_html/gourmetbasket/test/" local="3429657385" remote="319502315636155404" Dst="-1" /><file name="realmedia.gif" server="ftp.erdigitaldesign.com/public_html/gourmetbasket/test/" local="3429657385" remote="319502315636155404" Dst="-1" /><file name="shockwave.gif" server="ftp.erdigitaldesign.com/public_html/gourmetbasket/test/" local="3429657385" remote="319502315636155404" Dst="-1" /><file name="video.gif" server="ftp.erdigitaldesign.com/public_html/gourmetbasket/test/" local="3429657386" remote="319502315636155404" Dst="-1" /><file name="windowsmedia.gif" server="ftp.erdigitaldesign.com/public_html/gourmetbasket/test/" local="3429657386" remote="319502315636155404" Dst="-1" /></dwsync>